[
{
  "model": "reservasApp.articulo",
  "pk": 1,
  "fields": {
    "nombre": "Caja ac\u00fastica pasiva DELTA 215",
    "descripcion": "Los parlantes de la Serie Delta de Wharfedale Pro son el resultado de muchos a\u00f1os de experiencia en el uso, dise\u00f1o y manufactura de parlantes profesionales. La nueva Serie Delta se basa en la s\u00f3lida reputaci\u00f3n de sus predecesoras, las series LX y DLX, ambos grandes \u00e9xitos a escala global. Ha sido dise\u00f1ada para entregar un desempe\u00f1o excelente, calidad y confiabilidad en un formato que es apropiado para instalaciones fijas y de tour. Posee modo biamplificado seleccionable a trav\u00e9s de un simple switch, a\u00f1ade flexibilidad para enfrentar cualquier desaf\u00edo en el refuerzo sonoro. En su parte inferior trasera la Delta 215 incorpora dos ruedas para facilitar su transporte.",
    "estado": 1
  }
},
{
  "model": "reservasApp.articulo",
  "pk": 2,
  "fields": {
    "nombre": "Caja ac\u00fastica pasiva TITAN 12",
    "descripcion": "La caja ac\u00fastica pasiva serie TITAN 12 color negro cuenta con un sistema de 2 v\u00edas, conectores Speakon y jack 1/4 pulgada y salida para conexi\u00f3n en paralelo. Tambi\u00e9n cuenta con punto de anclaje para atril y puntos de montaje para aplicaciones volantes. Su dise\u00f1o permite funcionar como monitor de piso.",
    "estado": 2
  }
},
{
  "model": "reservasApp.articulo",
  "pk": 3,
  "fields": {
    "nombre": "Caja ac\u00fastica activa TITAN 12D",
    "descripcion": "La TITAN 12D activa biamplificada posee amplificador con tecnolog\u00eda clase D, este sistema posee un funcionamiento m\u00e1s eficiente y poderoso, adem\u00e1s, gracias a su peso, la caja es m\u00e1s liviana que la TITAN 12. Incluye Mezclador de 2 canales con entradas y salidas balanceadas y EQ master de 2 bandas. Tambi\u00e9n cuenta con sistema de protecci\u00f3n contra sobrecarga DC, corto circuito y limitadores de se\u00f1al. Proporciona punto de anclaje para atril y puntos de montaje para aplicaciones volantes. Su dise\u00f1o permite funcionar como monitor de piso.",
    "estado": 1
  }
},
{
  "model": "reservasApp.articulo",
  "pk": 4,
  "fields": {
    "nombre": "Atril de parlante LS-2 (par)  Samson",
    "descripcion": "Par de atriles para parlantes Samson. Columna telesc\u00f3pica, di\u00e1metro est\u00e1ndar de 1-3/8 y construcci\u00f3n en acero s\u00f3lido que asegura m\u00e1xima durabilidad. Tama\u00f1o compacto y dise\u00f1o plegable que facilita el transporte.",
    "estado": 1
  }
},
{
  "model": "reservasApp.articulo",
  "pk": 5,
  "fields": {
    "nombre": "Guitarra electroac\u00fastica 660EP Raimundo",
    "descripcion": "Todas las guitarras Raimundo est\u00e1n construidas de manera 100% artesanal en sus talleres de Paterna (Valencia), de acuerdo al sistema tradicional espa\u00f1ol, lo que garantiza un est\u00e1ndar de calidad sonora y acabados de primer nivel. Con este m\u00e9todo, que ha sido utilizado durante siglos por todos los luthiers espa\u00f1oles, la tapa queda unida al m\u00e1stil para luego montar el instrumento. Durante el proceso, una parte del m\u00e1stil queda dentro de la caja, creando el \u201ctac\u00f3n espa\u00f1ol\u201d. Esto garantiza una construcci\u00f3n m\u00e1s firme, que usa una uni\u00f3n tipo \u201ccola de milano\u201d, muy habitual en la industria del mueble. A su vez, tambi\u00e9n proporciona mayor estabilidad y durabilidad al instrumento.",
    "estado": 1
  }
},
{
  "model": "reservasApp.articulo",
  "pk": 6,
  "fields": {
    "nombre": "Aud\u00edfonos para dj ATH-PRO500MK2RD  Audiotechnica",
    "descripcion": "Los ATH-PRO500MK2 son aud\u00edfonos para DJ redise\u00f1ados con especificaciones mejoradas y una construcci\u00f3n m\u00e1s robusta. Su dise\u00f1o ac\u00fastico interior aloja componentes de primera calidad, ideal para usarlo en todo tipo de aplicaci\u00f3n, ya sea en el escenario o simplemente en conjunto con tu reproductor de m\u00fasica favorito. Ambos driver poseen la capacidad de girar en un eje entre 50 y 90 grados.",
    "estado": 2
  }
},
{
  "model": "reservasApp.articulo",
  "pk": 7,
  "fields": {
    "nombre": "Tornamesa RP-4000M, color negro, incluye c\u00e1psula  Reloop",
    "descripcion": "La tornamesa modelo RP-4000M de Reloop impresiona no s\u00f3lo por su motor de alta potencia, sino tambi\u00e9n por su gran diversidad de funciones y su nuevo acabado con pintura metalizada. Sus funciones como el rango de Pitch variable (+/- 10/20%) con dispositivo de bloqueo de cuarzo, funci\u00f3n de avance y retroceso y tres rangos de velocidad. Su carcasa de acero en versi\u00f3n extra pesada act\u00faa como amortiguador de vibraciones y deja clara su alta calidad de fabricaci\u00f3n. Un tocadiscos al m\u00e1s alto nivel t\u00e9cnico posible para DJs avanzados. Incluye c\u00e1psula.",
    "estado": 1
  }
},
{
  "model": "reservasApp.articulo",
  "pk": 8,
  "fields": {
    "nombre": "Sintetizador XPS-10  Roland",
    "descripcion": "Perfecto para los m\u00fasicos trabajadores y aficionados por igual, el XPS-10 entrega los respetados sonidos y las funciones Roland en un precio muy atractivo. Este elegante sintetizador listo para el alto rendimiento, est\u00e1 equipado con m\u00e1s de 1500 sonidos de la librer\u00eda Roland, incluyendo vers\u00e1tiles tonos modernos, cl\u00e1sicos de las series D-50 y XP, y muchos otros mas. Un amplio rango de sonidos de instrumentos \u00e9tnicos est\u00e1n a bordo del XPS-10, e incluso es posible importar tus propios sonidos v\u00eda memoria USB. La interpretaci\u00f3n en vivo es reforzada mas all\u00e1 de lo permitido, gracias a su generosa selecci\u00f3n de controles a la mano, m\u00e1s las convenientes almohadillas Audio Pads para disparar ritmos o pistas de acompa\u00f1amiento con tan solo pulsar las almohadillas. F\u00e1cil de transportar, f\u00e1cil de usar, y copado con sonidos de m\u00e1ximo nivel, el aerodin\u00e1mico XPS-10 pone la calidad Roland en la punta de tus dedos. Entre sus principales caracter\u00edsticas encontramos: Funci\u00f3n Sample Import, habilitando que el usuario pueda importar y ejecutar sonidos personalizados desde las teclas del XPS-10. Seis Audio Pads para disparar archivos de audio, loops, y efectos de sonido alojados en la memoria USB, o generados por los ritmos integrados en el XPS-10. Poderosos efectos integrados\u2014tres MFX (cada uno con 78 tipos) m\u00e1s global reverb y chorus. Botones de R\u00e1pido-Acceso para los sonidos favoritos y para las funciones split, layer, octave shift, y transpose. Secci\u00f3n Sound Modify para la formaci\u00f3n del sonido en tiempo-real y el control de nivel. Funci\u00f3n Arpeggio con una gran selecci\u00f3n de par\u00e1metros ajustables. Puerto USB Computer proveyendo comunicaci\u00f3n MIDI con los populares programas de m\u00fasica por computadora, entre otras.",
    "estado": 1
  }
},
{
  "model": "reservasApp.articulo",
  "pk": 9,
  "fields": {
    "nombre": "Bater\u00eda electr\u00f3nica TD11KV con stand MDS4V  Roland",
    "descripcion": "Para satisfacer la alta demanda de rendimiento e interpretaci\u00f3n en los modelos m\u00e1s econ\u00f3micos, hemos actualizado la serie V-Compact del m\u00f3dulo TD-11 con un motor de sonido mejorado SuperNATURAL. Adem\u00e1s de la incre\u00edble naturalidad y expresividad de los sonidos incorporados, las nuevas canciones de acompa\u00f1amiento y la funcionalidad USB proporcionan un kit eficaz para los artistas de directo, as\u00ed como estudiantes. Cuenta con un puerto USB para computador y uno para memoria.\r\n\r\n(El set NO incluye pedal de bombo)",
    "estado": 1
  }
},
{
  "model": "reservasApp.articulo",
  "pk": 10,
  "fields": {
    "nombre": "Pad de percusi\u00f3n electr\u00f3nica y sampleo SPDSX  Roland",
    "descripcion": "El nuevo modulo de percusi\u00f3n y sampleo SPD-SX, pone la poderosa creaci\u00f3n y reproducci\u00f3n de muestras a la punta de tus baquetas, con sus innovadoras funciones de captura de audio, expresiva interpretaci\u00f3n, tres motores multiefectos, y mucho m\u00e1s. La adici\u00f3n perfecta a cualquier set de bater\u00eda ac\u00fastica o electr\u00f3nica, configuraci\u00f3n percusiva, DJ, o teclados, el SPD-SX es ideal para su hogar, para el escenario en vivo, en el estudio de grabaci\u00f3n, suite de preproducci\u00f3n, disco club, etc. Toma muchos de los conceptos probados de gran \u00e9xito en sus predecesores, y los eleva a un nuevo nivel. Ya sea que est\u00e9n disparando muestras de un solo tiro, frases loopeadas, o completa reproducci\u00f3n de pistas de acompa\u00f1amiento, el SPD-SX est\u00e1 cargado con la tecnolog\u00eda y herramientas mas actuales para cumplir con el trabajo requerido con rapidez, precisi\u00f3n, conveniencia y con la calidad de la serie SPD. Disfruta de la tecnolog\u00eda mas avanzada de disparo y sampleo en un instrumento percusivo din\u00e1mico y muy f\u00e1cil de usar.",
    "estado": 1
  }
},
{
  "model": "reservasApp.articulo",
  "pk": 11,
  "fields": {
    "nombre": "Baqueta VSMBW Blazer   Vater",
    "descripcion": "La baqueta de sugar maple pone de manifiesto la voz madura, suave y dulce de los tambores y platillos. Los bateristas pueden disfrutar de la sensaci\u00f3n de una baqueta grande, pero sin el peso de un modelo de Hickory. Es perfecta para bateristas que a menudo se encuentran con que tienen que tocar en lugares m\u00e1s peque\u00f1os, donde el volumen bajo es la clave.",
    "estado": 1
  }
},
{
  "model": "reservasApp.articulo",
  "pk": 12,
  "fields": {
    "nombre": "Clar\u00edn niquelado DN5   Baldassare",
    "descripcion": "Clar\u00edn para bandas fabricado en lat\u00f3n de bronce con ba\u00f1o de nickel, modelo standard Bb. Orientado principalmente para bandas de colegios y agrupaciones institucionales.",
    "estado": 1
  }
},
{
  "model": "reservasApp.articulo",
  "pk": 13,
  "fields": {
    "nombre": "Caja met\u00e1lica para banda JW05 14x5,5 pulgadas   Baldassare",
    "descripcion": "Caja met\u00e1lica para bandas y bater\u00eda con buenas prestaciones y definici\u00f3n. Ideal para principiantes e intermedios. Para uso como redoblante. 14 x 5,5 pulgadas, cuerpo en acero inoxidable, con 10 tensores y terminaci\u00f3n cromada.",
    "estado": 2
  }
},
{
  "model": "reservasApp.articulo",
  "pk": 14,
  "fields": {
    "nombre": "Boquilla para trompeta BM-TR7C 7C  Jupiter",
    "descripcion": "La boquilla para trompeta BM-TR7C Jupiter entrega un tono brillante, s\u00f3lido y de gran volumen. Los bordes redondeados producen un agarre perfecto de los labios.",
    "estado": 2
  }
},
{
  "model": "reservasApp.articulo",
  "pk": 15,
  "fields": {
    "nombre": "Bajo el\u00e9ctrico GSR200 4 cuerdas, color negro (BK)  Ibanez",
    "descripcion": "Bajo de 4 cuerdas GSR perteneciente a la serie GIO basada en los Soundgears, estos bajos no solo se tocan y se ven mejor que cualquier otro en su rango de precio, sino que tambi\u00e9n cada bajo GSR recibe el ajuste e inspecci\u00f3n de su contraparte m\u00e1s cara. Los bajos GSR ofrecen la famosa sofisticaci\u00f3n, comodidad, tono y facilidad de tocar de los Soundgear, pero a un precio m\u00e1s econ\u00f3mico.",
    "estado": 1
  }
},
{
  "model": "reservasApp.articulo",
  "pk": 16,
  "fields": {
    "nombre": "Interfaz de audio SCARLETT 6I6 MK2 USB  Focusrite",
    "descripcion": "Scarlett 6i6 de segunda generaci\u00f3n, miembro de la familia de las interfaces de audio profesionales para ordenador Focusrite que incorpora preamplificadores anal\u00f3gicos Focusrite de alta calidad. Ahora posee una soluci\u00f3n simple y compacta para enrutar audio de alta calidad a y desde su ordenador. Durante el desarrollo de la serie de segunda generaci\u00f3n, hemos mejorado tanto el rendimiento como el conjunto de caracter\u00edsticas, incluyendo soporte para tasas de muestreo de hasta 192 kHz, rendimiento de preamplificador de micr\u00f3fono mejorado con bajo ruido y abundante ganancia, y entradas para instrumentos actualizadas. Poseen soporte nativo para Mac, es decir, son de tipo plug and play y los usuarios de los dispositivos Mac no necesitar\u00e1n instalar drivers.",
    "estado": 2
  }
},
{
  "model": "reservasApp.articulo",
  "pk": 17,
  "fields": {
    "nombre": "Corno franc\u00e9s 6441L dorado   Baldassare",
    "descripcion": "El 6441L CORNO FRANCES DORADO BALDASSARE es un corno franc\u00e9s ideal para estudio, con Afinaci\u00f3n Bb, de 3 llaves, el tama\u00f1o de la campana es 290 mm, el tama\u00f1o interior es de 12,1 mm. Viene con case inclu\u00eddo. Acabado en oro lacado.",
    "estado": 1
  }
},
{
  "model": "reservasApp.articulo",
  "pk": 18,
  "fields": {
    "nombre": "Violoncello 4/4 LYCE-900  Freeman Classic",
    "descripcion": "Violoncello 4/4 LYCE-900. Ideal para principiantes o para quienes buscan un buen instrumeno a bajo costo",
    "estado": 1
  }
},
{
  "model": "reservasApp.articulo",
  "pk": 19,
  "fields": {
    "nombre": "Pandero",
    "descripcion": "Pandero doble",
    "estado": 1
  }
},
{
  "model": "reservasApp.articulo",
  "pk": 20,
  "fields": {
    "nombre": "Sistema de audio inal\u00e1mbrico SOUNDTOUCH 20 III, color negro, Wi-Fi - Bluetooth - Aux In  Bose",
    "descripcion": "Obt\u00e9n la m\u00fasica que te encanta de manera sencilla y en cualquier lugar. Deseas acceso instant\u00e1neo y sencillo a tu m\u00fasica favorita, y realmente deseas sentirlo, especialmente cuando realizas grandes juntas para celebrar las fiestas o las fiestas que te encanta celebrar \"solo porque s\u00ed\". El altavoz inal\u00e1mbrico SoundTouch 20 cumple lo prometido. Para transmitir un mundo de m\u00fasica, solo instala la aplicaci\u00f3n gratuita SoundTouch en tu dispositivo y sigue estos sencillos pasos: 1 Conecta el altavoz - 2 Con\u00e9ctalo a tu Wi-Fi - 3 Controla todo con la aplicaci\u00f3n. Trabajamos mucho con SoundTouch para que no te cueste trabajo. Puedes reproducir la m\u00fasica de la forma que desees, sin tener que preocuparte por cu\u00e1l es la mejor tecnolog\u00eda. Este altavoz te permite reproducir m\u00fasica directamente desde un tel\u00e9fono o una tableta mediante la tecnolog\u00eda Bluetooth o conectarlo a tu red Wi-Fi para reproducirla de forma instant\u00e1nea en tu hogar sin necesidad de utilizar tu tel\u00e9fono. La aplicaci\u00f3n gratuita SoundTouch te da un mayor control de tus altavoces SoundTouch desde un tel\u00e9fono inteligente o una tableta. \u00dasala para buscar m\u00fasica y controlarla en todo tu hogar. Comienza a transmitir m\u00fasica al instante o utiliza la aplicaci\u00f3n para personalizar las preselecciones programables con tus listas de reproducci\u00f3n y emisoras favoritas. \u00bfPuede un altavoz \u00fanico reproducir m\u00fasica con la potencia y emoci\u00f3n que deseas de tus canciones favoritas? Los nuestros pueden. El altavoz SoundTouch 20 utiliza la gu\u00eda de ondas patentada y los transductores de alto rendimiento para llenar tus habitaciones m\u00e1s grandes con un sonido profundo, n\u00edtido y realista.",
    "estado": 1
  }
},
{
  "model": "reservasApp.espacio",
  "pk": 1,
  "fields": {
    "nombre": "Quincho",
    "capacidad": 200,
    "descripcion": "El quincho del CEI",
    "estado": 1
  }
},
{
  "model": "reservasApp.espacio",
  "pk": 2,
  "fields": {
    "nombre": "Sala de Ensayo 1",
    "capacidad": 8,
    "descripcion": "Sala de ensayo musical.",
    "estado": 1
  }
},
{
  "model": "reservasApp.espacio",
  "pk": 3,
  "fields": {
    "nombre": "Sala de Ensayo 2",
    "capacidad": 6,
    "descripcion": "Sala de ensayo mas peque\u00f1a",
    "estado": 1
  }
},
{
  "model": "reservasApp.fotoarticulo",
  "pk": 1,
  "fields": {
    "articulo": 4,
    "ruta": "1094806_2.jpg"
  }
},
{
  "model": "reservasApp.fotoarticulo",
  "pk": 3,
  "fields": {
    "articulo": 1,
    "ruta": "k.jpg"
  }
},
{
  "model": "reservasApp.fotoarticulo",
  "pk": 4,
  "fields": {
    "articulo": 2,
    "ruta": "titan.jpg"
  }
},
{
  "model": "reservasApp.fotoarticulo",
  "pk": 5,
  "fields": {
    "articulo": 3,
    "ruta": "titan12D.jpg"
  }
},
{
  "model": "reservasApp.fotoarticulo",
  "pk": 6,
  "fields": {
    "articulo": 5,
    "ruta": "guitarra.jpg"
  }
},
{
  "model": "reservasApp.fotoarticulo",
  "pk": 7,
  "fields": {
    "articulo": 6,
    "ruta": "1096826.jpg"
  }
},
{
  "model": "reservasApp.fotoarticulo",
  "pk": 8,
  "fields": {
    "articulo": 7,
    "ruta": "208378.jpg"
  }
},
{
  "model": "reservasApp.fotoarticulo",
  "pk": 10,
  "fields": {
    "articulo": 9,
    "ruta": "ROLAND_TD11KV.png"
  }
},
{
  "model": "reservasApp.fotoarticulo",
  "pk": 11,
  "fields": {
    "articulo": 10,
    "ruta": "206321_2.jpg"
  }
},
{
  "model": "reservasApp.fotoarticulo",
  "pk": 12,
  "fields": {
    "articulo": 11,
    "ruta": "200275.jpg"
  }
},
{
  "model": "reservasApp.fotoarticulo",
  "pk": 13,
  "fields": {
    "articulo": 8,
    "ruta": "208259_1.jpg"
  }
},
{
  "model": "reservasApp.fotoarticulo",
  "pk": 14,
  "fields": {
    "articulo": 12,
    "ruta": "205049.jpg"
  }
},
{
  "model": "reservasApp.fotoarticulo",
  "pk": 15,
  "fields": {
    "articulo": 13,
    "ruta": "205038.jpg"
  }
},
{
  "model": "reservasApp.fotoarticulo",
  "pk": 16,
  "fields": {
    "articulo": 14,
    "ruta": "1095716.jpg"
  }
},
{
  "model": "reservasApp.fotoarticulo",
  "pk": 17,
  "fields": {
    "articulo": 15,
    "ruta": "201004.jpg"
  }
},
{
  "model": "reservasApp.fotoarticulo",
  "pk": 18,
  "fields": {
    "articulo": 16,
    "ruta": "209844.jpg"
  }
},
{
  "model": "reservasApp.fotoarticulo",
  "pk": 19,
  "fields": {
    "articulo": 17,
    "ruta": "205042.jpg"
  }
},
{
  "model": "reservasApp.fotoarticulo",
  "pk": 20,
  "fields": {
    "articulo": 18,
    "ruta": "208498.jpg"
  }
},
{
  "model": "reservasApp.fotoarticulo",
  "pk": 21,
  "fields": {
    "articulo": 19,
    "ruta": "1.png"
  }
},
{
  "model": "reservasApp.fotoarticulo",
  "pk": 22,
  "fields": {
    "articulo": 20,
    "ruta": "1103561.jpg"
  }
},
{
  "model": "auth.user",
  "pk": 1,
  "fields": {
    "password": "pbkdf2_sha256$100000$C3aJqRGHmtDA$+QY9m7nuXPlSRKCvsp5LoCTj5aeJZhy6YuiLG4O8t8k=",
    "last_login": "2018-07-02T16:09:34.565Z",
    "is_superuser": false,
    "username": "12.345.768-9",
    "first_name": "Felipito",
    "last_name": "Camiroaga",
    "email": "halcon@de.chicureo",
    "is_staff": false,
    "is_active": true,
    "date_joined": "2018-07-02T16:09:34.357Z",
    "groups": [],
    "user_permissions": []
  }
},
{
  "model": "auth.user",
  "pk": 2,
  "fields": {
    "password": "pbkdf2_sha256$100000$3nAWpRg7zoxn$HwzkNb80+eUAbBNBxk/kchGAymAkr7APXmvsEyc/pAM=",
    "last_login": "2018-07-02T17:51:33.678Z",
    "is_superuser": false,
    "username": "19.361.329-2",
    "first_name": "Gon",
    "last_name": "Uribe",
    "email": "neogonxy@gmail.com",
    "is_staff": false,
    "is_active": true,
    "date_joined": "2018-07-02T17:00:24.505Z",
    "groups": [],
    "user_permissions": []
  }
},
{
  "model": "auth.user",
  "pk": 3,
  "fields": {
    "password": "pbkdf2_sha256$100000$OfgADCUm9rNM$WPmmG+HhhbKJLUiNVoxyoRQ3aj/S0yirtOBw+1QR/eo=",
    "last_login": "2018-07-10T01:37:23.072Z",
    "is_superuser": true,
    "username": "11.111.111-1",
    "first_name": "",
    "last_name": "",
    "email": "example@example.com",
    "is_staff": true,
    "is_active": true,
    "date_joined": "2018-07-02T17:26:03Z",
    "groups": [
      1,
      2
    ],
    "user_permissions": []
  }
},
{
  "model": "reservasApp.reservaespacio",
  "pk": 1,
  "fields": {
    "id_usuario": 1,
    "espacio": 1,
    "fecha_reserva": "2018-07-10T01:48:26Z",
    "fecha_inicial": "2018-07-11",
    "hora_inicial": 15,
    "fecha_final": "2018-07-11",
    "hora_final": 17,
    "estado": 1
  }
},
{
  "model": "reservasApp.reservaespacio",
  "pk": 2,
  "fields": {
    "id_usuario": 2,
    "espacio": 1,
    "fecha_reserva": "2018-07-10T01:55:42Z",
    "fecha_inicial": "2018-07-13",
    "hora_inicial": 9,
    "fecha_final": "2018-07-13",
    "hora_final": 12,
    "estado": 1
  }
},
{
  "model": "reservasApp.reservaespacio",
  "pk": 3,
  "fields": {
    "id_usuario": 1,
    "espacio": 1,
    "fecha_reserva": "2018-07-10T01:56:05Z",
    "fecha_inicial": "2018-07-09",
    "hora_inicial": 13,
    "fecha_final": "2018-07-09",
    "hora_final": 14,
    "estado": 1
  }
},
{
  "model": "reservasApp.reservaespacio",
  "pk": 4,
  "fields": {
    "id_usuario": 1,
    "espacio": 2,
    "fecha_reserva": "2018-07-10T01:57:38Z",
    "fecha_inicial": "2018-07-10",
    "hora_inicial": 16,
    "fecha_final": "2018-07-10",
    "hora_final": 18,
    "estado": 1
  }
},
{
  "model": "reservasApp.reservaespacio",
  "pk": 5,
  "fields": {
    "id_usuario": 1,
    "espacio": 3,
    "fecha_reserva": "2018-07-10T01:58:13Z",
    "fecha_inicial": "2018-07-12",
    "hora_inicial": 12,
    "fecha_final": "2018-07-12",
    "hora_final": 15,
    "estado": 1
  }
},
{
  "model": "reservasApp.reservaespacio",
  "pk": 6,
  "fields": {
    "id_usuario": 2,
    "espacio": 2,
    "fecha_reserva": "2018-07-10T01:59:10Z",
    "fecha_inicial": "2018-07-13",
    "hora_inicial": 9,
    "fecha_final": "2018-07-06",
    "hora_final": 11,
    "estado": 1
  }
},
{
  "model": "reservasApp.reservaespacio",
  "pk": 7,
  "fields": {
    "id_usuario": 2,
    "espacio": 2,
    "fecha_reserva": "2018-07-10T01:59:50Z",
    "fecha_inicial": "2018-07-11",
    "hora_inicial": 11,
    "fecha_final": "2018-07-11",
    "hora_final": 13,
    "estado": 2
  }
},
{
  "model": "reservasApp.reservaespacio",
  "pk": 8,
  "fields": {
    "id_usuario": 2,
    "espacio": 3,
    "fecha_reserva": "2018-07-10T02:00:33Z",
    "fecha_inicial": "2018-07-03",
    "hora_inicial": 9,
    "fecha_final": "2018-07-03",
    "hora_final": 10,
    "estado": 2
  }
},
{
  "model": "reservasApp.reservaarticulo",
  "pk": 1,
  "fields": {
    "id_usuario": 1,
    "articulo": 8,
    "fecha_reserva": "2018-07-10T02:01:28Z",
    "fecha_inicial": "2018-07-11",
    "hora_inicial": "12:00:00",
    "fecha_final": "2018-07-11",
    "hora_final": "16:30:00",
    "estado": 1
  }
},
{
  "model": "reservasApp.reservaarticulo",
  "pk": 2,
  "fields": {
    "id_usuario": 2,
    "articulo": 8,
    "fecha_reserva": "2018-07-10T02:02:15Z",
    "fecha_inicial": "2018-07-12",
    "hora_inicial": "09:00:00",
    "fecha_final": "2018-07-12",
    "hora_final": "14:00:00",
    "estado": 1
  }
},
{
  "model": "reservasApp.reservaarticulo",
  "pk": 3,
  "fields": {
    "id_usuario": 1,
    "articulo": 9,
    "fecha_reserva": "2018-07-10T02:02:40Z",
    "fecha_inicial": "2018-07-13",
    "hora_inicial": "12:00:00",
    "fecha_final": "2018-07-13",
    "hora_final": "14:00:00",
    "estado": 2
  }
},
{
  "model": "reservasApp.reservaarticulo",
  "pk": 4,
  "fields": {
    "id_usuario": 2,
    "articulo": 5,
    "fecha_reserva": "2018-07-10T02:03:55Z",
    "fecha_inicial": "2018-07-10",
    "hora_inicial": "12:00:00",
    "fecha_final": "2018-07-10",
    "hora_final": "15:00:00",
    "estado": 0
  }
}
]
